world_rank,university_name,country,teaching,international outlook,research,citations,income,total_score,num_students,student_staff_ratio,international_students,female_male_ratio,year,tuition_fee,median_salary
1,California Institute of Technology,United States of America,95.6,64,97.6,99.8,97.8,95.2,2243,6.9,0.27,33 : 67,2016,47577,75500
2,University of Oxford,United Kingdom,86.5,94.4,98.9,98.8,73.1,94.2,19919,11.6,0.34,46:54:00,2016,41806.5,47940
3,Stanford University,United States of America,92.5,76.3,96.2,99.9,63.3,93.9,15596,7.8,0.22,42:58:00,2016,47940,70400
4,University of Cambridge,United Kingdom,88.2,91.5,96.7,97,55,92.8,18812,11.8,0.34,46:54:00,2016,45120,49350
5,Massachusetts Institute of Technology,United States of America,89.4,84,88.6,99.7,95.4,92,11074,9,0.33,37 : 63,2016,48452,72200
6,Harvard University,United States of America,83.6,77.2,99,99.8,45.2,91.6,20152,8.9,0.25,,2016,47074,63400
7,Princeton University,United States of America,85.1,78.5,91.9,99.3,52.1,90.1,7929,8.4,0.27,45:55:00,2016,45320,66500
8,Imperial College London,United Kingdom,83.3,96,88.5,96.7,53.7,89.1,15060,11.7,0.51,37 : 63,2016,38070,43710
9,ETH Zurich ‚Äì Swiss Federal Institute of Technology Zurich,Switzerland,77,97.9,95,91.1,80,88.3,18178,14.7,0.37,31 : 69,2016,,
10,University of Chicago,United States of America,85.7,65,88.9,99.2,36.6,87.9,14221,6.9,0.21,42:58:00,2016,52491,53400
11,Johns Hopkins University,United States of America,77.6,70,90.4,98.2,100,87.6,15128,3.6,0.23,50:50:00,2016,50410,
12,Yale University,United States of America,86.5,64.3,87.8,97.2,43.3,87.4,11751,4.4,0.2,50:50:00,2016,49480,59100
13,"University of California, Berkeley",United States of America,80.4,61.9,91.1,99.7,47.9,87.2,36186,16.4,0.15,50:50:00,2016,40191,59900
14,University College London,United Kingdom,78.1,94.4,91,94.2,40.5,87.1,26607,10.7,0.46,56:44:00,2016,30061.2,40890
15,Columbia University,United States of America,85.9,73.5,82.2,98.1,,86.1,25055,5.9,0.28,,2016,55056,59400
16,"University of California, Los Angeles",United States of America,80.8,56.4,88.6,98.5,47.9,85.8,38206,10.3,0.15,52:48:00,2016,39518,52600
17,University of Pennsylvania,United States of America,82,49.5,86.9,98.6,47.9,85.2,20376,6.5,0.2,51:49:00,2016,51464,60900
18,Cornell University,United States of America,77.9,63.9,86.1,97.2,33.7,84,21424,10.2,0.19,48:52:00,2016,50953,60300
19,University of Toronto,Canada,75.9,77.8,89.3,90.9,49.1,83.9,66198,19.5,0.15,,2016,,75000
20,Duke University,United States of America,76,56.5,78,99,100,82.7,15172,4.8,0.17,49:51:00,2016,51265,58900
21,University of Michigan,United States of America,76.8,53.7,85.2,94.4,56.3,82.4,41786,9,0.16,48:52:00,2016,43476,52700
22,Carnegie Mellon University,United States of America,67.4,57.1,88.8,99.1,57.5,82.3,11885,13.1,0.35,39 : 61,2016,52040,61800
23,London School of Economics and Political Science,United Kingdom,69.8,93.6,80.6,94.3,32.2,81.3,,,,,2016,,53580
24,University of Edinburgh,United Kingdom,68.6,89.8,77.2,96.3,36.1,80.3,25774,14.1,0.36,58:42:00,2016,,45120
25,Northwestern University,United States of America,69.8,53.9,78.4,96.5,81.2,79.5,18334,13.8,0.15,48:52:00,2016,50855,52700
27,King College London,United Kingdom,64.5,93.8,75.8,93.8,40.1,78.2,21394,11.4,0.37,61:39:00,2016,30667.5,38070
28,Karolinska Institute,Sweden,60.6,73.1,81.1,92.2,75.8,77.5,7774,11.5,0.22,70:30:00,2016,,
29,LMU Munich,Germany,70.5,62.8,77.4,85.7,100,77.3,35691,15.5,0.13,62:38:00,2016,,
30,New York University,United States of America,74.7,49.3,72.3,95.3,30.4,77.2,42056,6.8,0.19,55:45:00,2016,49062,50300
31,√âcole Polytechnique F√©d√©rale de Lausanne,Switzerland,61.3,98.6,67.5,94.6,65.4,76.1,9666,10.5,0.54,27 : 73,2016,,32430
32,University of Washington,United States of America,67.1,51.2,70,98.6,43.1,75.6,44020,11.8,0.13,53:47:00,2016,34791,48800
34,University of British Columbia,Canada,60.2,90.5,73.2,91.5,42.6,75.3,50152,17.6,0.25,54:46:00,2016,,
35,KU Leuven,Belgium,59.9,68.6,76.9,87.3,100,74.8,42503,41.9,0.18,54:46:00,2016,,
36,University of Illinois at Urbana-Champaign,United States of America,64.5,45.8,81.2,86.8,52.8,74.5,42727,18.7,0.2,47:53:00,2016,31320,52900
37,Heidelberg University,Germany,68.8,62.8,69.6,88.2,68.2,74.4,28881,24.5,0.17,55:45:00,2016,,
38,McGill University,Canada,66.1,85.5,72.1,78.9,40.3,72.6,31326,13.7,0.23,56:44:00,2016,,
39,"University of California, San Diego",United States of America,56.9,42.9,69.8,98.7,56.7,72.2,27233,6.5,0.11,48:52:00,2016,41387,51100
39,"University of California, Santa Barbara",United States of America,52.6,61.5,66,99.2,90.4,72.2,22020,27.3,0.11,52:48:00,2016,40704,50500
41,Georgia Institute of Technology,United States of America,57.8,71.5,72.7,86,73.7,72.1,19967,20.1,0.26,31 : 69,2016,32404,58300
44,"University of California, Davis",United States of America,60.1,58.4,72.7,84.3,57.3,71,35364,13.9,0.13,54:46:00,2016,40728,52300
46,University of Texas at Austin,United States of America,59.3,31.7,69.7,92.2,63.1,70.3,49427,17.4,0.09,51:49:00,2016,34676,49700
47,Wageningen University and Research Center,Netherlands,52.6,70.3,66.9,87.8,100,70,9248,17,0.21,56:44:00,2016,24428.97,
49,Humboldt University of Berlin,Germany,63.7,62.6,77,73.6,36.1,69.9,29987,52.5,0.16,,2016,,
50,University of Wisconsin-Madison,United States of America,65.1,33,68.2,86.6,48.5,69.7,39655,10.8,0.11,51:49:00,2016,32738,48900
51,Brown University,United States of America,62.8,57.8,55.7,96.4,31.4,69.6,8653,10.1,0.19,,2016,51367,56200
53,Technical University of Munich,Germany,61,63.8,66,80.1,99.2,69.4,35565,31.5,0.2,33 : 67,2016,,
54,√âcole Normale Sup√©rieure,France,70.6,85.5,47.7,87.1,37.1,69,2400,7.9,0.2,46:54:00,2016,,
56,University of Manchester,United Kingdom,58.4,87,66,77.3,42,68.1,34938,15.3,0.34,52:48:00,2016,28200,40890
58,University of Amsterdam,Netherlands,52.2,66.5,64.7,87.4,62.8,67.8,24570,14.4,0.11,53:47:00,2016,24428.97,
60,Washington University in St Louis,United States of America,54.3,44.9,55.6,99.2,33.5,67,12528,5.7,0.17,,2016,,
62,Utrecht University,Netherlands,48.1,55.8,64.3,88.1,89.1,66.6,30779,15.4,0.07,59:41:00,2016,24428.97,
63,University of North Carolina at Chapel Hill,United States of America,58,39,54.5,95.9,39.4,66.4,26518,7.3,0.08,58:42:00,2016,33916,42900
64,Boston University,United States of America,57.8,51,49.5,97.7,30.3,66.1,24789,8.6,0.17,58:42:00,2016,50240,49000
65,Delft University of Technology,Netherlands,55,84,73.8,61.5,100,65.9,15920,19.4,0.25,26 : 74,2016,24428.97,
65,University of Minnesota,United States of America,53.5,35.3,61,88,98.5,65.9,46825,18,0.13,52:48:00,2016,22210,46200
67,Leiden University,Netherlands,50.5,64.3,63.1,85.2,49.8,65.7,21222,17.1,0.1,59:41:00,2016,24428.97,
68,University of Southern California,United States of America,49.3,56.3,58.9,93,38,65.5,36534,12.9,0.2,52:48:00,2016,52217,54800
69,University of Bristol,United Kingdom,47.6,82.4,51.6,91.2,40,64.3,17906,14,0.25,53:47:00,2016,26508,42300
70,Durham University,United Kingdom,47.9,86.4,51.9,87.7,34.4,63.6,15489,15.7,0.24,54:46:00,2016,29469,43710
71,Erasmus University Rotterdam,Netherlands,37.2,76.1,55.2,95.6,54.6,63.5,20580,18.9,0.18,48:52:00,2016,24428.97,117030
72,Free University of Berlin,Germany,57.9,69.2,72.2,60.2,35.1,63.2,33062,39.3,0.2,58:42:00,2016,,
74,University of Groningen,Netherlands,43.3,63.9,56.9,84,92.4,62.4,24556,25.6,0.12,52:48:00,2016,24428.97,
75,Pennsylvania State University,United States of America,50.4,40.8,61.9,80.5,56.2,62.3,44501,12.4,0.12,46:54:00,2016,32382,49900
76,University of Glasgow,United Kingdom,41.6,85.8,48.3,92.3,31.6,61.9,22616,16,0.29,57:43:00,2016,,
76,University of Helsinki,Finland,48.4,51.8,60.4,82.1,31.6,61.9,23505,15.1,0.06,66:34:00,2016,,
78,University of T√ºbingen,Germany,47,58.2,59.8,79.3,59.2,61.7,28327,38.9,0.12,58:42:00,2016,,
79,University of Pittsburgh,United States of America,50.6,33.9,50.3,92.3,39.3,61.5,26485,5.8,0.1,51:49:00,2016,29758,
80,University of Warwick,United Kingdom,47.4,90.3,53.1,78.2,37.7,61.3,18529,16.6,0.37,48:52:00,2016,29892,42300
81,Uppsala University,Sweden,44.1,59.6,61,80.9,39.5,61.2,25266,18.2,0.12,57:43:00,2016,,
82,University of Copenhagen,Denmark,49.8,83.3,42.7,86.2,45,61,27545,4.1,0.19,67:33:00,2016,,12214
84,University of Freiburg,Germany,47.4,60.3,51.1,80.5,100,60.7,26467,31.2,0.16,52:48:00,2016,,
86,University of St Andrews,United Kingdom,49.7,92.3,47.3,78.8,30.6,60.4,8338,12.7,0.47,56:44:00,2016,27684,
87,Vanderbilt University,United States of America,47.8,29.1,44.2,95.7,63.2,60.1,12161,3.6,0.1,52:48:00,2016,45610,51200
88,Maastricht University,Netherlands,37.5,95.5,47.7,82.7,95.4,59.9,15626,18.9,0.48,56:44:00,2016,24428.97,104340
90,Emory University,United States of America,48.3,51,37.1,96.7,48.9,59.7,12338,4.5,0.18,56:44:00,2016,47954,52000
90,Lund University,Sweden,39.7,74.1,53.6,81.3,70.4,59.7,28251,11.5,0.15,,2016,,
90,Ohio State University,United States of America,51.6,53,46.6,83.2,53.1,59.7,51462,13.4,0.12,49:51:00,2016,29229,44900
93,University of Exeter,United Kingdom,39.4,87.3,40,94.3,31.9,59.5,17755,18.8,0.28,54:46:00,2016,26155.5,36660
94,University of Bonn,Germany,45.1,63.6,47.5,85.3,,58.8,32474,70.4,0.13,55:45:00,2016,,
94,Georgetown University,United States of America,54.4,52.7,39.3,82.5,80.7,58.8,15408,8.5,0.14,53:47:00,2016,50547,55000
94,McMaster University,Canada,39.8,76.1,44.8,84.9,88,58.8,23823,19.3,0.15,53:47:00,2016,,
97,University of Sheffield,United Kingdom,42.4,81.9,48.8,80.1,43.4,58.6,23311,15.5,0.31,50:50:00,2016,27495,33840
98,Queen Mary University of London,United Kingdom,34.1,93.5,41.3,93.3,36.8,58.5,14260,14,0.4,52:48:00,2016,23899.5,36660
99,University of G√∂ttingen,Germany,49.3,56.4,54.5,72.7,31.8,58,25581,25.6,0.12,51:49:00,2016,,
99,Michigan State University,United States of America,47.3,56.4,52.6,76.8,32.2,58,44750,15.7,0.15,51:49:00,2016,39090,46300
101,University of Basel,Switzerland,39.5,94.7,33.1,88.3,99.9,57.9,12551,17.3,0.24,54:46:00,2016,,
101,√âcole Polytechnique,France,53.5,92.8,44.6,64.7,82.3,57.9,2429,4.8,0.3,0.806944444,2016,,
101,Rice University,United States of America,37.9,66.6,35.1,99.7,41.7,57.9,6333,9,0.26,44:56:00,2016,43918,64000
104,Dartmouth College,United States of America,50.7,38.3,35.8,93.3,40.8,57.8,6178,6.6,0.16,47:53:00,2016,51438,58000
104,University of Zurich,Switzerland,49.5,90.4,31.5,85.4,44,57.8,26583,6.5,0.19,57:43:00,2016,,197400
106,Aarhus University,Denmark,36.9,76.8,50.7,79.8,68.3,57.7,23895,13.6,0.14,54:46:00,2016,,12214
106,"University of California, Irvine",United States of America,39.9,59.2,41.8,91.6,48.9,57.7,26614,16.1,0.16,52:48:00,2016,39458,48300
106,University of Mannheim,Germany,34.5,64.6,47.7,86.9,85.3,57.7,11761,85.8,0.15,55:45:00,2016,,
108,University of Notre Dame,United States of America,47.6,47.6,48.1,81.7,33.7,57.6,11829,13.8,0.1,44:56:00,2016,49685,56300
110,RWTH Aachen University,Germany,49.4,54.1,56.3,63.2,98.1,57.2,37917,27.6,0.16,31 : 69,2016,,
110,University of Southampton,United Kingdom,39.8,88.4,43.6,82,37.5,57.2,20925,13.5,0.29,53:47:00,2016,26663.1,38070
112,Scuola Normale Superiore di Pisa,Italy,54.2,46.3,53.1,67.2,52,57.1,462,16.5,0.05,28 : 72,2016,,
113,University of Montreal,Canada,46.3,84.2,45.5,69.6,92.6,57,38264,20.3,0.25,57:43:00,2016,,
113,Pierre and Marie Curie University,France,52.8,74.1,32.7,82.9,37.4,57,27862,8.7,0.18,48:52:00,2016,,
113,Purdue University,United States of America,50.2,66.4,57.7,63.2,,57,39256,18.1,0.22,42:58:00,2016,28804,51400
117,"University of Maryland, College Park",United States of America,45,43.5,42.1,88.2,32.3,56.7,31331,8.4,0.09,48:52:00,2016,32045,52000
118,Ghent University,Belgium,42.1,54.2,54.5,71.2,88.3,56.6,32166,34.1,0.09,57:43:00,2016,,
119,University of Birmingham,United Kingdom,39.4,82,41.8,82.7,34.7,56.2,25295,16.4,0.23,54:46:00,2016,25380,
120,University of Bern,Switzerland,40,83.7,42.5,76.6,82.9,56.1,14708,22.5,0.14,54:46:00,2016,,
120,University of Florida,United States of America,51.8,33.3,56.8,67.7,,56.1,50095,18.7,0.09,54:46:00,2016,28666,
123,University of Erlangen-Nuremberg,Germany,51.7,47,39.7,75.2,99.4,56,36146,53.9,0.09,49:51:00,2016,,
123,"Rutgers, the State University of New Jersey",United States of America,43.9,34.7,55.7,75.4,35.9,56,37032,17.3,0.08,51:49:00,2016,29480,50300
125,University of M√ºnster,Germany,40.3,46.3,44.1,85.6,58.2,55.9,39838,46.1,0.08,53:47:00,2016,,
125,Radboud University Nijmegen,Netherlands,34.3,60.9,48.5,84.9,39.2,55.9,17713,13,0.1,58:42:00,2016,24428.97,
127,University of Colorado Boulder,United States of America,39.7,36.6,37.6,96.4,35.7,55.8,29325,16.1,0.08,45:55:00,2016,,47100
127,Tufts University,United States of America,45.2,49.4,33.3,90.1,60.7,55.8,10410,10,0.14,54:46:00,2016,52430,
129,"Royal Holloway, University of London",United Kingdom,35.1,92.7,33.2,91.2,34.4,55.7,8747,15.9,0.37,57:43:00,2016,21432,33840
130,Lancaster University,United Kingdom,34,87,41.4,85.3,33.6,55.6,11512,14.9,0.33,52:48:00,2016,24632.7,33840
131,University of Geneva,Switzerland,34.9,98.5,40.5,78.5,72.4,55.4,15668,15,0.39,61:39:00,2016,,
131,University of York,United Kingdom,41.9,83.5,46.3,73.1,31.1,55.4,,,,,2016,28341,36660
133,Case Western Reserve University,United States of America,46.1,40.5,33.2,92,34.1,55.3,9259,6.4,0.17,48:52:00,2016,46006,56200
133,University of Leeds,United Kingdom,43.7,77.4,39,79.2,36.7,55.3,27703,14.7,0.21,58:42:00,2016,26790,36660
135,University of Oslo,Norway,43.3,68.2,44.7,75.5,38.3,55.1,27139,18.8,0.18,,2016,,
136,Stockholm University,Sweden,34.1,48.5,51.2,82.5,31.1,54.8,31715,23.7,0.08,62:38:00,2016,,
137,University of Alberta,Canada,46.4,80.7,48.1,63.6,47.4,54.7,36299,21.6,0.23,55:45:00,2016,,
138,Karlsruhe Institute of Technology,Germany,37.7,56.7,47.5,73.8,99.5,54.5,25294,24.6,0.16,26 : 74,2016,,
140,University of Sussex,United Kingdom,33.4,88.3,37.2,86.1,30.6,54.4,12001,17.4,0.35,54:46:00,2016,25803,38070
141,University of Massachusetts,United States of America,40.2,48.9,36.3,88.1,52.2,54.3,56959,13,0.11,49:51:00,2016,30123,
142,University of Vienna,Austria,40.8,92.6,50.5,63.6,30.2,54.2,34651,20.5,0.25,67:33:00,2016,13435,
143,University of Nottingham,United Kingdom,40.3,80.6,39,77.5,39.8,54.1,30144,15,0.27,54:46:00,2016,26959.2,39480
144,"University of California, Santa Cruz",United States of America,31.1,45.6,34.2,99.9,36.1,53.9,17404,22.7,0.01,53:47:00,2016,40241,44700
144,University of Lausanne,Switzerland,30.9,89.2,45.6,76.2,56,53.9,11964,13.1,0.22,,2016,,
146,Autonomous University of Barcelona,Spain,40.3,50.3,40,83.8,34.9,53.8,30538,12.3,0.1,59:41:00,2016,,
147,University of Virginia,United States of America,38.8,43.4,37.5,87.3,37.9,53.3,23845,10.2,0.12,52:48:00,2016,45066,52700
149,University of East Anglia,United Kingdom,31.9,83.5,28.7,92.7,28.5,52.9,14992,14.7,0.28,58:42:00,2016,25168.5,33840
149,University of Twente,Netherlands,34.1,80.1,45.6,68.8,91.2,52.9,6631,12,0.26,37 : 63,2016,24428.97,
154,VU University Amsterdam,Netherlands,28.4,54.9,37.1,90.7,60.1,52.5,23280,16.3,0.06,56:44:00,2016,24428.97,
155,KTH Royal Institute of Technology,Sweden,39,84.4,44.3,63.9,78.1,52.4,12062,14.6,0.21,30 : 70,2016,,
156,University of Cologne,Germany,42.2,53.1,38,75,68.5,52.3,43280,43.4,0.11,60:40:00,2016,,
157,University of Liverpool,United Kingdom,32.8,85.4,30.9,85.9,36.6,52.2,18815,13.6,0.3,52:48:00,2016,24463.5,35250
158,TU Dresden,Germany,41.4,47.7,45.8,66.1,99.7,52.1,35487,37.4,0.12,42:58:00,2016,,
158,University of Rochester,United States of America,39.7,55.8,27.9,89,37,52.1,9390,4.5,0.26,49:51:00,2016,50142,
160,Trinity College Dublin,Republic of Ireland,41.9,90.5,30.8,75.8,28,52,15521,18,0.25,57:43:00,2016,,
161,University of Miami,United States of America,41.7,64,22.3,90.1,35.5,51.9,15286,5.7,0.14,50:50:00,2016,47004,
163,University of Arizona,United States of America,38.7,38.6,41.8,79.5,32.4,51.7,36429,12.7,0.08,52:48:00,2016,30025,47500
164,Pompeu Fabra University,Spain,32.9,63.3,28,90.7,37.2,51.2,10901,18.3,0.13,59:41:00,2016,,
164,University of Reading,United Kingdom,39.3,85.1,37.3,69.9,34.2,51.2,12050,14.8,0.28,55:45:00,2016,25944,32430
164,Yeshiva University,United States of America,44.8,28.5,23.7,92.8,,51.2,6753,5.5,0.07,53:47:00,2016,40670,
167,"University of California, Riverside",United States of America,27.5,59.5,33.3,91.2,42.5,51.1,20626,22,0.12,51:49:00,2016,40263,46800
167,University of Leicester,United Kingdom,32.1,86.6,27.8,86,31.7,51.1,14541,13.4,0.35,54:46:00,2016,25443.45,36660
167,Technical University of Denmark,Denmark,37.3,85.1,29.9,77.8,50,51.1,9990,5,0.18,27 : 73,2016,,12214
167,Universit√© Catholique de Louvain,Belgium,38.7,74.2,40.6,68.4,51,51.1,28856,42,0.19,54:46:00,2016,,
172,University of Aberdeen,United Kingdom,29.7,91.4,31.4,82.6,43.1,51,12938,15.8,0.33,54:46:00,2016,,
174,University of Barcelona,Spain,38.5,49.2,37.4,78.9,31.1,50.9,47491,12.2,0.1,62:38:00,2016,,
175,University of Konstanz,Germany,38.5,58.3,46.7,61.9,92.4,50.8,10930,59.1,0.12,54:46:00,2016,,
176,Eindhoven University of Technology,Netherlands,34.3,71.3,41,70.7,57.3,50.6,8176,16,0.14,0.847916667,2016,24428.97,
176,University College Dublin,Republic of Ireland,35,86.3,38.5,70.8,33.5,50.6,22193,24.5,0.23,,2016,,
179,University of Waterloo,Canada,35.4,74.4,43.9,66.5,39.5,50.3,30726,24.2,0.14,45:55:00,2016,,
180,University of Gothenburg,Sweden,28.5,58.3,39.8,81.8,30.3,50.2,26420,16.4,0.12,,2016,,
180,Scuola Superiore Sant‚ÄôAnna,Italy,42.5,45.2,23.2,84.5,71.2,50.2,769,8.5,0.17,35 : 65,2016,,
182,University of Bergen,Norway,32.5,70,31.5,82.4,36.2,50.1,11623,11.1,0.12,60:40:00,2016,,
182,Cardiff University,United Kingdom,30.9,78.1,31.6,82,34.6,50.1,23347,13.1,0.23,57:43:00,2016,,33840
182,University of Utah,United States of America,35.6,30.1,35.3,83.7,57.4,50.1,25674,16.9,0.09,45:55:00,2016,27039,45400
185,Brandeis University,United States of America,28.3,47,25.7,97.3,38.6,49.9,5495,12.6,0.22,55:45:00,2016,51570,
185,University of Dundee,United Kingdom,25.6,78.5,26.9,90.2,49.5,49.9,11628,15.3,0.25,60:40:00,2016,,
185,University of W√ºrzburg,Germany,34.6,50.9,35.8,79.1,47.9,49.9,26576,38.4,0.08,57:43:00,2016,,
188,Paris-Sud University,France,38.7,64.2,29,79.8,28.8,49.8,27603,15,0.17,,2016,,
189,Arizona State University,United States of America,32.4,31.9,38.1,84.6,32,49.7,83236,29.9,0.09,50:50:00,2016,25458,47400
190,University of Antwerp,Belgium,31.6,64.8,40.8,71.7,60.3,49.6,12346,30.3,0.16,56:44:00,2016,,
190,Boston College,United States of America,34.1,60,29.3,83.3,46.8,49.6,13216,17.4,0.19,54:46:00,2016,51296,52700
192,Ulm University,Germany,35.2,58.2,23.9,86.4,58.4,49.5,9187,11.2,0.1,47:53:00,2016,,
193,University of Luxembourg,Luxembourg,25,99.8,26.7,84.8,38.1,49.4,5144,15.9,0.52,50:50:00,2016,,
193,Texas A&M University,United States of America,49.4,47.8,52.4,47.1,46.4,49.4,50657,21.4,0.09,47:53:00,2016,28768,49700
195,Charit√© - Universit√§tsmedizin Berlin,Germany,37.3,61.1,22.2,83.8,68.4,49.3,6853,6.6,0.16,64:36:00,2016,,
196,Newcastle University,United Kingdom,30.9,84.3,27.5,81.5,34.7,49.2,20174,15.2,0.29,50:50:00,2016,24082.8,35250
196,"St George's, University of London",United Kingdom,25.6,69.5,18.1,100,37.7,49.2,2958,13.4,0.17,61:39:00,2016,,
198,University of Trento,Italy,30.8,55.9,27.4,87.7,47.1,49.1,16841,43.2,0.08,51:49:00,2016,,
199,Paris Diderot University ‚Äì Paris 7,France,30.5,64.9,22.9,91,29,48.9,27756,14.8,0.17,63:37:00,2016,,
200,Queen's University Belfast,United Kingdom,34.1,93.4,33.3,68.9,35.7,48.8,17940,17.9,0.3,54:46:00,2016,,26790
201-250,Aalborg University,Denmark,25.1,71,28.4,73.8,43.7,,17422,15.9,0.15,48:52:00,2016,,12214
201-250,"Birkbeck, University of London",United Kingdom,33.5,89.9,35.1,66.3,28.5,,9454,17.2,0.38,55:45:00,2016,,
201-250,University of Bologna,Italy,39.3,39.9,29.5,73,34.5,,85532,22.9,0.07,56:44:00,2016,,
201-250,University at Buffalo,United States of America,36.5,60.6,37.9,62,43.8,,25668,19,0.19,47:53:00,2016,,
201-250,University of Calgary,Canada,33.9,70.1,36.7,67.8,52,,28341,16.5,0.17,53:47:00,2016,,
201-250,Chalmers University of Technology,Sweden,36.6,77.6,35.3,52.2,79.5,,8605,11.6,0.15,30 : 70,2016,,
201-250,Copenhagen Business School,Denmark,19.3,88.5,26.5,79.4,35.3,,18293,42.7,0.19,48:52:00,2016,,12214
201-250,Dalhousie University,Canada,30.4,78.3,29.4,65.2,50.3,,15064,14.4,0.18,55:45:00,2016,,
201-250,University of Duisburg-Essen,Germany,32.3,48.5,27,81.3,82.3,,36051,46.6,0.11,49:51:00,2016,,
201-250,√âcole Normale Sup√©rieure de Lyon,France,41.6,65.6,30,69,31.7,,2218,8,0.14,49:51:00,2016,,
201-250,Florida State University,United States of America,38.5,41.6,40.1,64.7,32,,41226,31.8,0.07,55:45:00,2016,24673,42100
201-250,University of Fribourg,Switzerland,32.3,87.4,32.9,64.1,60.8,,10416,46.9,0.19,58:42:00,2016,,
201-250,George Washington University,United States of America,44.7,48.1,23.5,65.7,29.5,,20541,12,0.16,56:44:00,2016,51950,47000
201-250,Goethe University Frankfurt,Germany,35.8,60.2,28.6,79.3,38.1,,31861,9.3,0.15,60:40:00,2016,,
201-250,University of Hawaii,United States of America,32,63.4,35.5,67.7,44.7,,,,,,2016,33764,43800
201-250,University of Illinois at Chicago,United States of America,40.9,58.1,29.2,63.2,38,,24313,9.2,0.17,53:47:00,2016,26526,47500
201-250,Indiana University,United States of America,43,41.2,27.3,74.8,,,62468,13.6,0.13,53:47:00,2016,34246,46300
201-250,University of Iowa,United States of America,41,32.3,26.7,73.5,54.1,,27526,11.6,0.11,52:48:00,2016,28413,
201-250,Johannes Gutenberg University of Mainz,Germany,34.9,53.3,21.7,72.6,70.7,,35609,32.6,0.1,58:42:00,2016,,
201-250,Joseph Fourier University,France,34.2,58.6,21.6,83.2,31.6,,16130,12.1,0.13,,2016,,
201-250,University of Kiel,Germany,32.3,49.4,20.5,89.5,,,24444,23.8,0.08,53:47:00,2016,,
201-250,Laval University,Canada,37.5,63.8,31.7,62.2,57.5,,27227,16.2,0.12,,2016,,
201-250,Medical University of Vienna,Austria,26.6,81.7,14.6,89.1,33.9,,7426,2.9,0.28,50:50:00,2016,,
201-250,Northeastern University,United States of America,35.5,58.7,20.6,84,32.9,,18539,15.1,0.26,50:50:00,2016,47655,50500
201-250,Oregon Health and Science University,United States of America,27.8,21.4,15.7,96,44.6,,2838,1.1,0.03,65:35:00,2016,,
201-250,University of Ottawa,Canada,37.1,69.9,36.7,61.5,41.5,,36733,26.3,0.15,60:40:00,2016,,
201-250,Paris Descartes University,France,24.6,49.1,28.8,83.3,29,,34691,26.9,0.15,63:37:00,2016,,
201-250,Polytechnic University of Milan,Italy,30.1,48.8,31.7,76.3,66.3,,30025,22.2,0.12,34 : 66,2016,,
201-250,Royal Veterinary College,United Kingdom,26,81.7,27.8,74.9,45.5,,1819,10.9,0.18,77:23:00,2016,,
201-250,Rush University,United States of America,37.7,21.8,17.4,88.9,45.4,,1855,2.1,0.05,71:29:00,2016,,
201-250,Sapienza University of Rome,Italy,38,34.7,37.3,61.5,32.6,,120986,32.3,0.07,59:41:00,2016,,
201-250,University of South Florida,United States of America,24.8,45.1,35.7,73.4,99.8,,31424,21.5,0.1,,2016,17325,41100
201-250,Stony Brook University,United States of America,32.6,53.2,22,83,33.4,,21908,10.9,0.24,50:50:00,2016,26266,49500
201-250,University of Stuttgart,Germany,40,52.7,44.5,55.7,99.8,,24099,45.4,0.2,31 : 69,2016,,
201-250,Swedish University of Agricultural Sciences,Sweden,31.5,40.1,32.8,68.1,99.9,,3879,4.6,,67:33:00,2016,,
201-250,Technical University of Darmstadt,Germany,37.1,54.4,43.2,51.1,99.1,,20300,53.6,0.18,28 : 72,2016,,
201-250,University of Texas at Dallas,United States of America,24.3,52.3,26.7,86.8,41.8,,16306,22.8,0.23,44:56:00,2016,33654,
201-250,Tilburg University,Netherlands,34.1,71.6,47.1,51.5,57.4,,7576,22.4,0.1,49:51:00,2016,24428.97,
201-250,University of Victoria,Canada,20.6,70.2,30,79,36.6,,17581,21.5,0.11,56:44:00,2016,,
201-250,Wake Forest University,United States of America,34.6,24.2,19.5,94.8,42.5,,7326,4.6,0.05,51:49:00,2016,49308,
201-250,University of Western Ontario,Canada,38.6,73.6,32.4,59,59.7,,27387,20.7,0.16,54:46:00,2016,,
201-250,College of William & Mary,United States of America,38.5,26.6,17.5,85,29.1,,7867,11.8,0.07,54:46:00,2016,41718,
251-300,Aalto University,Finland,31.1,65.4,32.8,62.1,61.6,,16099,24.2,0.17,32 : 68,2016,,
251-300,Aix-Marseille University,France,36.7,63,22.1,64.9,33.1,,71749,45.5,0.13,61:39:00,2016,,
251-300,University of Bath,United Kingdom,28.9,84.8,27.9,56.7,36.3,,12830,18.8,0.3,46:54:00,2016,26085,46530
251-300,Bayreuth University,Germany,32.2,52.6,31.2,60.1,56.4,,12520,35.5,0.08,46:54:00,2016,,
251-300,Bielefeld University,Germany,35.2,45.4,46.2,49.9,60.9,,21428,67.8,0.08,57:43:00,2016,,
251-300,University of Bordeaux,France,25.3,54.6,22,71.7,30.6,,51239,19.4,0.12,58:42:00,2016,,
251-300,Colorado School of Mines,United States of America,28.5,35.5,30.3,71.8,83.7,,5287,18.2,0.12,26 : 74,2016,34828,58100
251-300,Colorado State University,United States of America,31.6,34.5,33,59.3,41,,26769,19,0.05,52:48:00,2016,28374,44800
251-300,University of Delaware,United States of America,23.7,41.6,34,70,98.7,,19262,15.9,0.1,56:44:00,2016,31420,45900
251-300,University of Georgia,United States of America,41.1,39.2,30.5,52.2,30.9,,33119,19.9,0.07,57:43:00,2016,29844,44100
251-300,University of Iceland,Iceland,16.2,61,16.2,91.4,28,,13960,25.9,0.08,66:34:00,2016,,
251-300,Iowa State University,United States of America,31.2,35.4,29.4,61.5,54,,29991,17.4,0.11,44:56:00,2016,21483,45400
251-300,Justus Liebig University Giessen,Germany,32.9,46.8,33.9,52.9,46.4,,25682,53.9,0.09,62:38:00,2016,,
251-300,University of Li√®ge,Belgium,29.1,69.7,36.6,46.5,98.9,,20951,25.9,0.23,54:46:00,2016,,
251-300,Link√∂ping University,Sweden,24.2,57.7,18.9,76.8,42.1,,17866,7.7,0.1,52:48:00,2016,,
251-300,"National University of Ireland, Galway",Republic of Ireland,27.3,76.5,25.4,68.5,41.9,,14067,26.8,0.14,56:44:00,2016,,
251-300,North Carolina State University,United States of America,36.1,49,30.5,60,40.7,,30533,13.6,0.11,44:56:00,2016,26399,47200
251-300,Oregon State University,United States of America,30.6,42.8,28.5,63.8,32.1,,22578,16.8,0.09,47:53:00,2016,28846,45100
251-300,Queen‚Äôs University,Canada,35.8,61.6,35.8,54.4,54.2,,20488,22.1,0.1,58:42:00,2016,,
251-300,Rensselaer Polytechnic Institute,United States of America,30.4,40.3,31.5,65.1,79.6,,6671,15,0.16,30 : 70,2016,50797,61100
251-300,Royal College of Surgeons in Ireland,Republic of Ireland,29.9,90.1,20.1,65.3,33.9,,2473,15.6,0.63,55:45:00,2016,,
251-300,Ruhr University Bochum,Germany,32.8,51.7,30,54.4,66.6,,38675,46.3,0.13,48:52:00,2016,,
251-300,Saint Louis University,United States of America,36.9,26.6,10.9,85,29.9,,11919,5.8,0.08,58:42:00,2016,40726,
251-300,Simon Fraser University,Canada,23.2,61.4,29.2,72.8,42.3,,26640,28.3,0.19,55:45:00,2016,,
251-300,University of Surrey,United Kingdom,31.7,90.4,28.9,51.2,34.9,,12063,16.6,0.38,55:45:00,2016,24675,36660
251-300,Syracuse University,United States of America,31.4,38.3,20.8,77.1,36.3,,19660,15.9,0.15,55:45:00,2016,45022,45700
251-300,"University of Tennessee, Knoxville",United States of America,29.5,39.3,23.2,81.4,41.3,,24716,17,0.05,,2016,30858,43800
251-300,Tulane University,United States of America,39.1,35.3,19.3,67.8,32.4,,11381,8.4,0.08,56:44:00,2016,51010,49100
251-300,Ume√• University,Sweden,20.8,56.1,25,74.5,31.1,,16667,11.9,0.07,60:40:00,2016,,
251-300,Vienna University of Technology,Austria,34.1,77.3,32,54.6,86.5,,26419,52,0.27,27 : 73,2016,,
251-300,Virginia Polytechnic Institute and State University,United States of America,34.9,29.5,38.2,54.2,43.3,,30850,18.6,0.1,42:58:00,2016,29371,53500
301-350,Aberystwyth University,United Kingdom,21.6,72.2,18.9,67.2,31.3,,9252,19.2,0.18,48:52:00,2016,,26790
301-350,"University of Alaska, Fairbanks",United States of America,25.1,53.5,23.1,63,51.2,,3837,8.2,0.07,53:47:00,2016,22469,
301-350,Autonomous University of Madrid,Spain,35.6,48.6,30.9,46.9,33,,28296,13,0.15,56:44:00,2016,,
301-350,Bangor University,United Kingdom,22.6,81.3,22.1,65.4,31,,9567,19.5,0.22,55:45:00,2016,,32430
301-350,University of Bremen,Germany,30.9,50,32.7,50,46,,18590,25.6,0.11,50:50:00,2016,,
301-350,University of Cincinnati,United States of America,31.3,28.3,20.4,72.1,35.3,,36108,15.7,0.06,54:46:00,2016,26334,
301-350,University of Connecticut,United States of America,35.9,43.1,25.6,57,30.9,,25742,13,0.11,51:49:00,2016,35858,48000
301-350,University of Essex,United Kingdom,33.9,93.7,33.3,38.6,28.9,,12695,19.8,0.39,55:45:00,2016,21079.5,35250
301-350,George Mason University,United States of America,29.6,36.9,21.2,64.9,29.1,,26622,17,0.07,54:46:00,2016,32582,47800
301-350,University of Greifswald,Germany,30.1,41.7,23.5,61.3,32.6,,10931,24,0.06,55:45:00,2016,,
301-350,University of Hohenheim,Germany,30.9,50.3,33.8,51.5,52.8,,9163,41.2,0.13,56:44:00,2016,,
301-350,University of Innsbruck,Austria,23.6,95.7,16.9,67.3,39.9,,18209,16.9,0.39,54:46:00,2016,,
301-350,University of Kent,United Kingdom,24.6,87.2,19.1,60.9,28.8,,17638,14.4,0.27,53:47:00,2016,22447.2,35250
301-350,Leibniz University of Hanover,Germany,36.5,43.2,36.9,39,69.6,,22401,62.7,0.12,41:59:00,2016,,
301-350,Medical College of Wisconsin,United States of America,25.4,30.4,12.1,85.2,31.8,,1211,0.6,0.05,48:52:00,2016,,
301-350,University of Milan,Italy,30.5,37.7,24.2,64.8,40.9,,58618,24.3,0.05,60:40:00,2016,,
301-350,University of Milan-Bicocca,Italy,24.3,34.3,25.5,65.8,46.6,,33370,72.5,0.05,60:40:00,2016,,
301-350,Montpellier University,France,38.7,54.4,16.7,59.5,31.9,,36731,18.4,0.14,51:49:00,2016,,
301-350,University of Naples Federico II,Italy,24.7,21.1,14.8,81.3,47.4,,83653,64.2,0.01,,2016,,
301-350,University of Navarra,Spain,31.9,52.6,20.8,57.5,63.5,,11259,10.6,0.16,52:48:00,2016,,
301-350,University of Nebraska-Lincoln,United States of America,30.1,45.8,30.2,53.5,35.6,,21789,16.4,0.09,46:54:00,2016,23148,41500
301-350,√ñrebro University,Sweden,18.3,39.4,10.4,87.8,29.8,,8788,15.8,0.02,61:39:00,2016,,
301-350,University of Oregon,United States of America,21.2,33.5,22.7,72.6,30.8,,24418,20.2,0.11,52:48:00,2016,33442,42200
301-350,University of Padua,Italy,25.7,37.9,22.6,74.6,32.6,,62577,18.3,0.04,56:44:00,2016,,
301-350,University of Pavia,Italy,25,40.5,22.5,65.1,69.4,,22958,40.6,0.06,56:44:00,2016,,
301-350,Plymouth University,United Kingdom,19.3,64,18,75.2,28.5,,24121,25.9,0.13,52:48:00,2016,17625,33840
301-350,University of Southern Denmark,Denmark,19.2,71.8,14.7,79.7,28,,22210,12.7,0.16,52:48:00,2016,,12214
301-350,University of Strasbourg,France,25.5,71.6,23.4,64.4,32.8,,46208,17.8,0.21,58:42:00,2016,,
301-350,Technical University of Dortmund,Germany,34.2,40.8,29.8,55.3,48.6,,29143,88.9,0.1,47:53:00,2016,,
301-350,Toulouse 1 Capitole University,France,18.6,66.7,35.7,56.3,32.5,,19011,43.8,0.19,59:41:00,2016,,
301-350,University of Trieste,Italy,26.5,47.3,18.5,74.1,32.3,,18135,25.8,0.09,56:44:00,2016,,
301-350,University of Turin,Italy,27.4,38.8,22.3,67.5,54.2,,67552,66,0.06,62:38:00,2016,,
301-350,University of Turku,Finland,27.1,66.2,21.2,65.8,31.2,,12326,14.6,0.05,61:39:00,2016,,
301-350,Vrije Universiteit Brussel,Belgium,28.7,64.5,24.5,56.8,77.1,,9020,17.1,0.16,55:45:00,2016,,
301-350,V≈†B - Technical University of Ostrava,Czech Republic,18.8,22.3,15.7,85.5,32.1,,14991,23.9,0.05,49:51:00,2016,,
301-350,York University,Canada,30.2,58.2,30.8,49.1,33.2,,48007,39.4,0.09,59:41:00,2016,,
351-400,"Binghamton University, State University of New York",United States of America,22.7,53.6,17.4,62,34,,15799,23.3,0.14,48:52:00,2016,22164,53600
351-400,Drexel University,United States of America,31.2,46.3,14.6,57.7,36.3,,20713,10.8,0.18,48:52:00,2016,51030,53400
351-400,University of Eastern Finland,Finland,24.8,46.1,20.7,65.1,33.3,,10798,17.3,0.06,64:36:00,2016,,
351-400,University of Florence,Italy,21.7,38.5,20.4,72.1,35.9,,54290,17.2,0.07,59:41:00,2016,,
351-400,University of St Gallen,Switzerland,25.8,97.6,11.2,53.5,41.8,,6848,10.8,0.34,32 : 68,2016,,
351-400,Graz University of Technology,Austria,26,69.3,15.8,52.9,77.2,,7542,12.5,0.16,0.970833333,2016,,
351-400,University of Guelph,Canada,28,53.6,34.2,44.4,47.4,,21643,28.3,0.04,60:40:00,2016,,
351-400,University of Houston,United States of America,34.9,33.9,26.5,52,42.3,,40325,43.7,0.09,50:50:00,2016,25410,46000
351-400,Instituto Superior T√©cnico Lisboa,Portugal,22.2,43.7,25,59.8,38.8,,11778,16.9,0.09,27 : 73,2016,,
351-400,University of Jyv√§skyl√§,Finland,28.2,47.1,25.5,55.5,34.2,,9703,15.2,0.05,62:38:00,2016,,
351-400,Loughborough University,United Kingdom,31.2,72.9,32.2,41.3,36.6,,13951,15.9,0.22,38 : 62,2016,26719.5,42300
351-400,University of Manitoba,Canada,27.1,57.8,26.9,49.7,41.8,,28576,27.8,0.11,55:45:00,2016,,
351-400,University of Missouri,United States of America,31.2,31,21,60.2,31.1,,29885,14.1,0.05,53:47:00,2016,25892,41400
351-400,University of Modena and Reggio Emilia,Italy,18.7,34.2,15.6,72.9,32.3,,19693,25.3,0.06,54:46:00,2016,,
351-400,University of Montana,United States of America,30.8,21.5,13.6,65.5,31,,12470,15.2,0.03,54:46:00,2016,24562,37300
351-400,"National University of Ireland, Maynooth",Republic of Ireland,24.6,75.6,22.8,50.2,36.6,,7653,28,0.11,55:45:00,2016,,
351-400,University of Nebraska Medical Center,United States of America,37,37.7,13.3,64.4,33.6,,2857,2.6,0.08,67:33:00,2016,,41500
351-400,University of New Mexico,United States of America,25.6,28.6,15.4,74.5,37,,,,,,2016,21302,41600
351-400,Norwegian University of Science and Technology,Norway,16.3,59.9,25.8,59.8,51.8,,17381,13.9,0.09,46:54:00,2016,,
351-400,University of Oulu,Finland,23.1,56.9,15.9,62.3,30.9,,14056,8.5,0.06,49:51:00,2016,,
351-400,Panth√©on-Sorbonne University ‚Äì Paris 1,France,53.2,47.6,47.6,6.8,28.3,,42215,34.3,0.2,59:41:00,2016,,
351-400,Polytechnic University of Turin,Italy,23.7,50.6,18.6,65.9,42.5,,27709,19.6,0.16,29 : 71,2016,,
351-400,University of Rome III,Italy,23.1,35.9,21,64.8,37.5,,36353,61.2,0.05,59:41:00,2016,,
351-400,San Diego State University,United States of America,20.3,25.9,27,62.7,29.3,,27420,31.7,0.05,57:43:00,2016,18244,46200
351-400,University of South Carolina,United States of America,31.1,24.5,21.5,58.7,30.3,,29336,16.3,0.01,55:45:00,2016,31282,40000
351-400,University of South Dakota,United States of America,29.3,17.1,12.1,70.4,28,,8003,17.1,0.02,61:39:00,2016,11688,40000
351-400,University of Stirling,United Kingdom,22.6,77.7,23.5,59.1,30.4,,7828,15.9,0.22,61:39:00,2016,,
351-400,Swansea University,United Kingdom,22.2,72.4,23.8,58.2,32.7,,12801,17.1,0.2,49:51:00,2016,,29610
351-400,University of Tartu,Estonia,23.8,46.1,22.8,64.2,31.5,,10269,13,0.03,66:34:00,2016,,
351-400,Temple University,United States of America,34,28.6,18.2,58.3,41.6,,33268,13.3,0.05,51:49:00,2016,25994,
351-400,University of Texas at San Antonio,United States of America,18.1,29.6,16.6,74.9,28.6,,27520,26.9,0.06,48:52:00,2016,33654,42500
351-400,UiT The Arctic University of Norway,Norway,26.5,66.1,18.7,58.8,36.8,,10398,12.2,0.1,60:40:00,2016,,
351-400,Universit√© Libre de Bruxelles,Belgium,26.1,84.5,28.3,47.9,39.1,,23819,26.1,0.32,54:46:00,2016,,
351-400,Lille 2 University ‚Äì Health and Law,France,15.1,39.4,9.5,81.7,31.5,,26894,38.5,0.08,58:42:00,2016,,
351-400,University College Cork,Republic of Ireland,28.6,75.5,23.8,48.4,47.1,,15805,22.3,0.15,55:45:00,2016,,
351-400,Verona University,Italy,23.6,38.3,13.1,76.1,36.6,,25250,19.7,0.07,65:35:00,2016,,
351-400,Washington State University,United States of America,29,39.6,28.2,49.6,57.1,,24550,18.3,0.07,50:50:00,2016,25673,45300
351-400,Wayne State University,United States of America,31.9,29.6,14.2,65.3,41.7,,23065,10.7,0.07,57:43:00,2016,,42800
401-500,American University,United States of America,42.2,28.9,16.5,41.1,35.9,,11604,12,0.12,60:40:00,2016,44853,45300
401-500,Aston University,United Kingdom,18.4,92.5,20.4,51.9,34.6,,,,,,2016,23758.5,39480
401-500,University of Aveiro,Portugal,24.8,45.9,26.5,43.6,40.1,,10791,17.8,0.1,51:49:00,2016,,
401-500,University of Bari Aldo Moro,Italy,28.7,31.7,21.6,48.8,45.4,,51560,65.1,0.02,65:35:00,2016,,
401-500,Bournemouth University,United Kingdom,32,70.6,12.6,35.2,28.8,,14907,25.9,0.18,53:47:00,2016,19035,31020
401-500,University of Brescia,Italy,15.6,36.6,14.8,72.3,35.8,,14076,25,0.07,48:52:00,2016,,
401-500,Brno University of Technology,Czech Republic,18,35.8,14.7,55.8,33.7,,23694,21.3,0.15,27 : 73,2016,,
401-500,Brunel University London,United Kingdom,24.8,91.8,23.3,39.5,34.7,,12613,17.6,0.38,46:54:00,2016,24252,33840
401-500,Ca‚Äô Foscari University of Venice,Italy,23.9,38.1,27.8,48.9,32.3,,19267,38.3,0.07,66:34:00,2016,,
401-500,University of Cagliari,Italy,19.4,32.6,13.2,56.8,33.6,,30638,51,0.01,62:38:00,2016,,
401-500,Catholic University of the Sacred Heart,Italy,18.6,39,11.3,55.4,38.7,,30304,18.9,0.1,,2016,,
401-500,Charles University in Prague,Czech Republic,31.5,52.8,21.5,41,28.2,,51438,13,0.15,62:38:00,2016,,
401-500,City University London,United Kingdom,23.5,89.6,21.2,43.5,28.9,,13053,17.8,0.5,55:45:00,2016,20445,50760
401-500,Claude Bernard University Lyon 1,France,21.3,50.5,13.2,66.5,34.5,,35308,16.1,0.11,50:50:00,2016,,
401-500,University of Coimbra,Portugal,28.3,46.2,26.5,42.4,34.8,,22795,19,0.11,55:45:00,2016,,
401-500,Complutense University of Madrid,Spain,33.2,39.1,27.6,31.2,30.9,,86519,17.5,0.13,62:38:00,2016,,
401-500,Concordia University,Canada,19.3,77.4,23.4,36.4,30.9,,31017,30.3,0.27,50:50:00,2016,,
401-500,Dublin City University,Republic of Ireland,26.1,76.7,25.2,36.3,51.7,,8546,22.9,0.17,51:49:00,2016,,
401-500,University of Ferrara,Italy,17.7,41.8,17.2,63.3,35.9,,18882,30.2,0.07,56:44:00,2016,,
401-500,Florida International University,United States of America,25.7,32.8,18.1,49.4,32.7,,32566,25.9,0.07,56:44:00,2016,,43200
401-500,University of Genoa,Italy,27.2,38.8,14.2,59.3,42.3,,37373,29.5,0.09,56:44:00,2016,,
401-500,Georgia State University,United States of America,26.3,29.5,19.5,52.9,28.7,,28534,20.4,0.05,59:41:00,2016,,41800
401-500,University of Graz,Austria,24.9,68.9,16.3,53.3,29.3,,20584,26.8,0.12,65:35:00,2016,,
401-500,Heriot-Watt University,United Kingdom,23.4,90.1,22.4,36.4,45.6,,8773,17.8,0.43,41:59:00,2016,,35250
401-500,Howard University,United States of America,38.8,30.3,11,44.5,,,10297,6.8,0.05,65:35:00,2016,24908,46900
401-500,University of Hull,United Kingdom,22.4,73.2,16.1,41.1,31.8,,15141,18.7,0.2,52:48:00,2016,21150,36660
401-500,University of Idaho,United States of America,28.3,32,19.4,40.8,32.4,,11641,21.5,0.06,47:53:00,2016,22040,44900
401-500,Johannes Kepler University of Linz,Austria,19.2,58.5,13.8,51.6,37.4,,19646,29.1,0.1,48:52:00,2016,,
401-500,University of Kaiserslautern,Germany,29.6,44.1,22.6,47.5,80.2,,14184,54.4,0.14,36 : 64,2016,,
401-500,Keele University,United Kingdom,20,72.7,17.6,53,29.3,,8397,15.7,0.2,55:45:00,2016,21855,38070
401-500,Lehigh University,United States of America,23.9,36,15,58.2,38.9,,6300,11.3,0.15,44:56:00,2016,48320,59200
401-500,Louisiana State University,United States of America,26.8,26.1,27.7,37.8,,,28116,20.1,0.06,52:48:00,2016,27005,46900
401-500,Marche Polytechnic University,Italy,15.2,27.3,11,80.2,28,,16589,23,0.04,45:55:00,2016,,
401-500,"University of Maryland, Baltimore County",United States of America,21.3,28.2,18.2,61.3,31.7,,13908,18.1,0.07,46:54:00,2016,24492,47000
401-500,University of Nantes,France,19.6,35.1,12.2,69.4,,,33866,22.2,0.11,56:44:00,2016,,
401-500,National Institute of Applied Sciences of Lyon (INSA Lyon),France,27,63.6,10.6,41.8,40.3,,6137,8.2,0.31,31 : 69,2016,,
401-500,University of Neuch√¢tel,Switzerland,24.2,91.4,14.7,48.2,,,4358,8.5,0.22,59:41:00,2016,,
401-500,New University of Lisbon,Portugal,26.9,44.5,21.9,38.3,41.3,,18867,17.9,0.07,49:51:00,2016,,
401-500,University of Nice Sophia Antipolis,France,21.4,79.5,16.1,53.7,28.5,,27304,20.3,0.22,56:44:00,2016,,
401-500,The Open University,United Kingdom,21,51.5,13.8,60.3,28.4,,76683,35.9,0.09,61:39:00,2016,,33840
401-500,Oxford Brookes University,United Kingdom,25.7,68.9,18.8,42.7,28.4,,14238,18.5,0.25,57:43:00,2016,18978.6,31020
401-500,University of Palermo,Italy,15.3,23.6,9.1,77.4,28,,43875,22.4,0.01,60:40:00,2016,,
401-500,University of Parma,Italy,17.7,36.8,16.6,56.4,37.1,,26937,29.1,0.07,56:44:00,2016,,
401-500,University of Pisa,Italy,21.6,31.1,18.9,64.5,31.4,,47247,18,0.04,52:48:00,2016,,
401-500,Polytechnic University of Catalonia,Spain,25.2,63.9,14.8,44.7,40.9,,22893,11.7,0.28,0.561111111,2016,,
401-500,University of Porto,Portugal,32,45.4,28.2,37.2,38.7,,32720,18.8,0.09,54:46:00,2016,,
401-500,University of Portsmouth,United Kingdom,17.2,79.3,10.9,58.2,28.9,,20161,19.1,0.23,45:55:00,2016,19317,33840
401-500,University of Rome II ‚Äì Tor Vergata,Italy,23.5,36.5,17.2,64.5,34.7,,33504,26.5,0.06,52:48:00,2016,,
401-500,University of Rovira i Virgili,Spain,20.8,41.5,14.8,66.9,30.9,,12533,12.8,0.09,61:39:00,2016,,
401-500,University of Salento,Italy,29.6,24.5,13.2,53,36.2,,19959,58.4,0.01,64:36:00,2016,,
401-500,University of San Francisco,United States of America,34.2,40.1,12.9,43.8,28.6,,10788,17,0.17,63:37:00,2016,44494,47300
401-500,University of Saskatchewan,Canada,30.8,52.9,22.4,39.7,62.9,,19028,16.3,0.14,57:43:00,2016,,
401-500,University of Siena,Italy,23.7,39,17.8,45.2,33.2,,18846,23.6,0.05,59:41:00,2016,,
401-500,State University of New York Albany,United States of America,25.6,31.4,35.3,35.5,28,,15387,18.5,0.08,51:49:00,2016,,44500
401-500,University of Strathclyde,United Kingdom,25.9,71,28,31.8,44.1,,15705,20.2,0.2,50:50:00,2016,,38070
401-500,University of Tampere,Finland,23.5,41.9,13.7,63.7,40,,10045,9.5,0.04,66:34:00,2016,,
401-500,Tampere University of Technology,Finland,23.1,54,17.2,45.5,67.5,,6147,15.5,0.13,1.011805556,2016,,
401-500,Ulster University,United Kingdom,19.1,79,13.2,44.1,29.2,,19622,15.8,0.15,55:45:00,2016,,28200
401-500,Universit√© du Qu√©bec √† Montr√©al,Canada,26.8,42.9,24.5,41.6,29.2,,27046,24.7,0.09,61:39:00,2016,,
401-500,University of Urbino Carlo Bo,Italy,17.2,35,8.7,66.8,31.2,,13435,37.4,0.07,61:39:00,2016,,
401-500,University of Valencia,Spain,22.7,40.5,16.9,49.6,31.3,,58413,15.4,0.09,60:40:00,2016,,
501-600,University of Arkansas,United States of America,25.5,25.9,17.4,30.3,36.9,,22819,21.2,0.05,50:50:00,2016,23168,44100
501-600,Auburn University,United States of America,30.2,27.9,19.4,21,37.2,,22386,17.6,0.04,51:49:00,2016,28840,45400
501-600,University of the Basque Country,Spain,18.2,34.9,11.9,43.1,30.3,,46373,15.3,0.05,53:47:00,2016,,
501-600,Blaise Pascal University,France,20.2,66.6,2.9,46.9,,,15619,7.1,0.17,55:45:00,2016,,
501-600,University of Burgundy,France,21.4,50.9,8.8,46.3,,,26612,20.8,0.11,54:46:00,2016,,
501-600,Carleton University,Canada,19.9,61.3,24,32,30.4,,25036,29.8,0.18,47:53:00,2016,,
501-600,University of Catania,Italy,19.2,25.3,15.9,52.9,29.5,,55859,49.7,0.01,61:39:00,2016,,
501-600,Czech Technical University in Prague,Czech Republic,20.6,25,9.3,46.5,28.2,,22751,12,,-,2016,,
501-600,De Montfort University,United Kingdom,16.8,58.4,10.1,40.1,28.5,,16812,19.1,0.21,57:43:00,2016,17272.5,28200
501-600,University of Granada,Spain,24.3,36.4,14.7,45.8,29.4,,53476,16,0.06,56:44:00,2016,,
501-600,University of Hertfordshire,United Kingdom,15.5,78.9,9.5,50.5,29.3,,19665,19.4,0.27,54:46:00,2016,16215,35250
501-600,Kansas State University,United States of America,22.9,41.7,17.5,39.3,43.1,,21379,15.1,0.1,50:50:00,2016,23429,43300
501-600,Kent State University,United States of America,18.4,32.4,14.2,53.8,28.5,,23122,19,0.08,58:42:00,2016,18376,38700
501-600,University of La Laguna,Spain,16.9,44.7,10,44.8,28.5,,22422,14.9,0.05,58:42:00,2016,,
501-600,Lappeenranta University of Technology,Finland,27.1,53,27.5,20.8,80.3,,3486,23.9,0.19,31 : 69,2016,,
501-600,University of Limerick,Republic of Ireland,19.8,76.5,16.3,36.6,34,,12212,19.8,0.13,46:54:00,2016,,
501-600,University of Lisbon,Portugal,25.9,46.6,18.3,32.4,35.4,,47849,17.5,0.09,51:49:00,2016,,
501-600,Liverpool John Moores University,United Kingdom,16.4,62.1,11.6,45.9,28.8,,18513,19.8,0.13,52:48:00,2016,17427.6,26790
501-600,Manchester Metropolitan University,United Kingdom,22.7,57.8,10.6,30.8,28.3,,28037,18.2,0.14,57:43:00,2016,17836.5,29610
501-600,University of Maribor,Slovenia,17.1,33.6,11.5,42.1,38.7,,14531,17.3,0.04,,2016,,
501-600,Masaryk University,Czech Republic,21.2,48.9,22.9,27.8,28.5,,40898,26.6,0.17,62:38:00,2016,,
501-600,Memorial University of Newfoundland,Canada,18.1,53.3,15.8,35.6,48.3,,15464,14.6,0.1,59:41:00,2016,,
501-600,University of Minho,Portugal,23.9,43.6,20.1,35.3,51.6,,19090,18.8,0.09,52:48:00,2016,,
501-600,Missouri University of Science and Technology,United States of America,23.5,40.6,18.4,28.7,52.8,,7647,15.5,0.12,1.011805556,2016,26152,26152
501-600,Montana State University,United States of America,17.7,23.5,21.8,48,43,,12331,17.8,0.04,46:54:00,2016,23042,23042
501-600,New Jersey Institute of Technology,United States of America,18.9,48.5,16.6,32.2,32.2,,10646,26.2,0.17,25 : 75,2016,30326,30326
501-600,New Mexico State University,United States of America,19.5,30.5,19.2,47.2,34.6,,15035,18.8,0.07,54:46:00,2016,21234,21234
501-600,University of North Carolina at Greensboro,United States of America,18.2,17.4,15.3,43.1,28.9,,16446,19.2,0.02,66:34:00,2016,21595,21595
501-600,Oklahoma State University,United States of America,27.5,25.6,22.7,33.1,33.7,,21270,21.4,0.07,49:51:00,2016,20978,20978
501-600,Otto von Guericke University of Magdeburg,Germany,22.9,43.9,14.4,39.7,37.7,,14104,13.1,0.13,42:58:00,2016,,
501-600,University of Oviedo,Spain,19.5,36.2,10.8,41.9,34.1,,24210,13.7,0.05,54:46:00,2016,,
501-600,Palack√Ω University in Olomouc,Czech Republic,19.2,48.8,11.8,42.9,28.7,,18540,11.4,0.09,70:30:00,2016,,
501-600,Paris Dauphine University,France,21.9,69.3,11.1,27.6,30.6,,9565,15.4,0.28,53:47:00,2016,,
501-600,Portland State University,United States of America,16.8,31.6,14.4,43.3,44.6,,20398,22.2,0.08,54:46:00,2016,,
501-600,University of Regina,Canada,15.6,47.7,15.8,34.2,34.4,,11550,22.8,0.12,61:39:00,2016,,
501-600,University of Rennes 1,France,17.8,53,10.3,44.7,31.7,,22186,13.9,0.12,50:50:00,2016,,
501-600,University of Salamanca,Spain,26.1,40.8,16.9,25.9,31.6,,31035,17.9,0.12,58:42:00,2016,,
501-600,University of Santiago de Compostela,Spain,22.9,37.1,14.1,46.9,32.3,,29085,15.3,0.06,63:37:00,2016,,
501-600,Semmelweis University,Hungary,19.6,81.7,10.6,41.5,30.7,,12920,10.9,0.25,64:36:00,2016,,
501-600,University of Seville,Spain,21.5,32,14.9,32.6,36.7,,64931,17.5,0.07,55:45:00,2016,,
501-600,Universit√© de Sherbrooke,Canada,25.6,39.8,9.5,41.3,29.6,,13438,5.4,0.05,54:46:00,2016,,
501-600,Tallinn University of Technology,Estonia,16.3,37.9,15,38.7,44.8,,14061,28.6,0.05,44:56:00,2016,,
501-600,University of Texas at Arlington,United States of America,20.1,50.3,10.1,50.9,33.4,,29396,10.5,0.1,60:40:00,2016,,
501-600,University of Toledo,United States of America,31.6,37.7,13.4,29.9,32.9,,19465,17.5,0.09,50:50:00,2016,,43100
501-600,University of Tulsa,United States of America,29.7,43.8,12.9,24.6,71.7,,4597,12.5,0.25,43:57:00,2016,38796,42400
501-600,University of Warsaw,Poland,26.1,41.6,15.8,42.2,28.5,,49292,14.1,0.07,67:33:00,2016,,
501-600,University of Wisconsin-Milwaukee,United States of America,17.3,26,13.8,45.5,29,,22542,18.4,0.05,52:48:00,2016,,42300
501-600,University of Zaragoza,Spain,20.1,33.5,12.7,49.5,36.7,,31046,11.8,0.05,55:45:00,2016,,
601-800,University of A Coru√±a,Spain,18.3,23.4,10,16.6,38.2,,17062,13,0.02,52:48:00,2016,,
601-800,Adam Mickiewicz University,Poland,20,25.7,11,15.3,28.7,,40633,15.6,0.01,71:29:00,2016,,
601-800,AGH University of Science and Technology,Poland,14.2,17.9,3.7,35.7,,,35569,17,0.01,-,2016,,
601-800,University of Alcal√°,Spain,17.6,50,11.2,28.3,43.3,,30812,25.1,0.18,53:47:00,2016,,
601-800,Belarusian State University,Belarus,20.2,48.2,8.7,6,28,,29303,10.6,0.06,69:31:00,2016,,
601-800,University of Bradford,United Kingdom,18.7,79.1,15.9,22.7,32.7,,11065,20.5,0.32,53:47:00,2016,21742.2,
601-800,University of Brighton,United Kingdom,16.7,62.8,10.7,20.1,29.4,,16924,19.5,0.19,58:42:00,2016,19458,31020
601-800,Budapest University of Technology and Economics,Hungary,17.1,30.4,13.7,21.6,39.7,,22447,22.1,0.04,32 : 68,2016,,
601-800,"California State University, Long Beach",United States of America,11.6,18.9,10.4,23.3,,,29594,32.3,0.05,58:42:00,2016,,45100
601-800,University of Castilla-La Mancha,Spain,18.4,28.6,10.3,30.5,29.7,,26381,14.3,0.03,56:44:00,2016,,
601-800,University of Central Lancashire,United Kingdom,15.7,54.1,9.4,28.2,28.9,,18542,17.5,0.17,57:43:00,2016,18259.5,26790
601-800,University of Cergy-Pontoise,France,18.7,49.1,6.3,13.2,28.6,,17000,9.2,0.11,53:47:00,2016,,
601-800,Carlos III University of Madrid,Spain,23.2,44.7,17.4,24.8,34.8,,15730,11.4,0.09,43:57:00,2016,,
601-800,"University of Chemistry and Technology, Prague",Czech Republic,21.6,46.3,12,17.4,38.9,,4699,11,0.19,,2016,,
601-800,Clemson University,United States of America,21.4,34.6,19.7,27,35.8,,19198,17.1,0.08,46:54:00,2016,32796,48400
601-800,Comenius University in Bratislava,Slovakia,23,46.9,10.3,19.6,28,,20879,9.7,0.1,54:46:00,2016,,
601-800,Coventry University,United Kingdom,17.1,69.6,7.7,18.4,29.1,,21934,14.8,0.35,47:53:00,2016,17509.38,31020
601-800,University of Debrecen,Hungary,17.3,49,11.4,20.9,,,29714,20.3,0.13,57:43:00,2016,,
601-800,Dublin Institute of Technology,Republic of Ireland,16.1,70.5,8.8,20.7,28.1,,13839,18.9,0.25,41:59:00,2016,,
601-800,E√∂tv√∂s Lor√°nd University,Hungary,21.3,43,12.1,30.6,29.3,,28698,22.4,0.04,,2016,,
601-800,Florida Institute of Technology,United States of America,20.4,62.4,13.5,24.6,33.4,,4408,13.7,0.26,34 : 66,2016,40446,
601-800,Gda≈Ñsk University of Technology,Poland,15.5,16.1,9.5,15.2,36.8,,25217,23.3,0.01,39 : 61,2016,,
601-800,Glasgow Caledonian University,United Kingdom,17.1,55,10.4,24.2,29.9,,13527,21.6,0.16,60:40:00,2016,,36660
601-800,University of Greenwich,United Kingdom,15.7,81.8,9.5,17.7,30,,18096,24.6,0.32,53:47:00,2016,15792,33840
601-800,University of Huddersfield,United Kingdom,17.4,55.2,5.4,16.5,28,,15436,18.1,0.25,54:46:00,2016,19740,33840
601-800,Jagiellonian University,Poland,24,33.5,14.4,30.7,28,,42835,11.5,0.05,67:33:00,2016,,
601-800,Kingston University,United Kingdom,16.9,76.8,12.1,26.7,28.5,,20778,20.9,0.34,53:47:00,2016,18330,
601-800,University of Latvia,Latvia,22.6,31.5,10.2,20.9,28.3,,15100,26.5,0.03,68:32:00,2016,,
601-800,Lille 1 University ‚Äì Science and Technology,France,20,60.3,8.6,32.4,31.8,,19599,14.5,0.18,41:59:00,2016,,
601-800,University of Lincoln,United Kingdom,17.9,60.5,11.9,26.4,29.3,,10665,18.9,0.11,54:46:00,2016,,
601-800,University of Ljubljana,Slovenia,24.9,34.5,13.6,24,32.3,,48821,17.6,0.04,60:40:00,2016,,
601-800,Miami University,United States of America,19.2,24.8,15.7,36.1,30.2,,16370,20.5,0.07,53:47:00,2016,,
601-800,Middlesex University,United Kingdom,18.5,81,10.6,25.7,,,17753,24.7,0.44,59:41:00,2016,,38070
601-800,University of Murcia,Spain,19.3,28.3,11.7,28,29.5,,31460,15.8,0.06,62:38:00,2016,,
601-800,Northumbria University,United Kingdom,17.7,55.1,10.9,29.2,29.1,,22750,19.3,0.16,55:45:00,2016,18330,33840
601-800,Nottingham Trent University,United Kingdom,16.5,52.7,8.9,27.3,28.4,,21852,17.4,0.18,55:45:00,2016,17766,32430
601-800,Oakland University,United States of America,18.1,23.3,11.9,21.9,30.3,,14584,19.8,0.02,60:40:00,2016,,
601-800,Ohio University,United States of America,25,33.6,14.9,24.6,30.1,,22224,20,0.1,50:50:00,2016,21208,42200
601-800,University of Pardubice,Czech Republic,15.9,23.4,11.9,11.1,28.3,,10671,19.8,0.04,55:45:00,2016,,
601-800,University of Paris North ‚Äì Paris 13,France,17.5,46.4,11.6,36.2,28,,23026,23.4,0.22,60:40:00,2016,,
601-800,Paris-Sorbonne University ‚Äì Paris 4,France,31.1,44.2,21.3,7.1,28.5,,21580,27.4,0.21,69:31:00,2016,,
601-800,University of P√©cs,Hungary,19.7,50.8,9,23.4,28.4,,21819,15.4,0.1,,2016,,
601-800,Polytechnic University of Valencia,Spain,20.3,32.9,12.7,34.3,43.8,,33172,13.6,0.07,36 : 64,2016,,
601-800,Rochester Institute of Technology,United States of America,17.4,29.8,13.4,25.1,30.4,,12965,13.5,0.13,34 : 66,2016,38568,48900
601-800,University of Salford,United Kingdom,20.8,66.4,12.1,21.2,28.8,,16152,17,0.25,51:49:00,2016,,28200
601-800,Sheffield Hallam University,United Kingdom,17.3,47,9.4,20.1,28.6,,27477,18.8,0.15,53:47:00,2016,17272.5,31020
601-800,University of Silesia in Katowice,Poland,17.7,18.5,8,20.4,28.1,,32764,17.3,0.01,65:35:00,2016,,
601-800,Slovak University of Technology in Bratislava,Slovakia,23.3,30.6,8.6,24.9,33.2,,16400,15.3,0.02,31 : 69,2016,,
601-800,University of Southern Mississippi,United States of America,21,20.8,11.8,20.1,39.9,,14569,18.5,0.03,63:37:00,2016,16094,
601-800,University of Szeged,Hungary,20,46.9,10.5,20.5,33.2,,22684,13.8,0.09,58:42:00,2016,,
601-800,Taras Shevchenko National University of Kyiv,Ukraine,27.9,28.2,11,4.2,28,,22686,8.2,0.02,45:55:00,2016,,
601-800,Technical University of Madrid,Spain,21.8,39.5,14.6,24.5,38.3,,41500,13.8,0.11,32 : 68,2016,,
601-800,University of Texas at El Paso,United States of America,18.6,30.4,18.7,18.4,,,19123,29,0.07,54:46:00,2016,,43400
601-800,Texas Tech University,United States of America,27.9,36.8,17.2,22,,,29512,20.9,0.07,46:54:00,2016,22861,
601-800,V.N. Karazin Kharkiv National University,Ukraine,21.7,48.4,8.9,1.7,28.8,,14410,9.7,0.22,53:47:00,2016,,
601-800,University of Vigo,Spain,18.4,30.7,10.5,31.8,38.1,,22793,19,0.03,51:49:00,2016,,
601-800,Vilnius University,Lithuania,18.3,40.8,13.6,26.1,41,,19019,14.2,0.04,65:35:00,2016,,
601-800,Warsaw University of Technology,Poland,19.4,20.7,8.5,40.3,47.4,,34572,14.5,0.03,34 : 66,2016,,
601-800,University of West Bohemia,Czech Republic,16.3,23.1,9.7,29.8,32.1,,15639,21.5,0.02,52:48:00,2016,,
601-800,University of the West of England,United Kingdom,16.9,48.5,11.2,34.6,28.5,,22525,21.4,0.15,53:47:00,2016,,33840
601-800,University of Westminster,United Kingdom,17.3,81.9,11.7,21.1,28.5,,16609,21,0.43,57:43:00,2016,,33840